{"City":{"0":"Albuquerque","1":"Atlanta","2":"Baltimore","3":"Baton Rouge","4":"Birmingham","5":"Boston","6":"Buffalo","7":"Charlotte","8":"Chicago","9":"Cincinnati","10":"Columbus","11":"Dallas","12":"Denver","13":"Detroit","14":"Durham","15":"Fort Worth","16":"Fresno","17":"Houston","18":"Indianapolis","19":"Jacksonville","20":"Kansas City","21":"Las Vegas","22":"Long Beach","23":"Los Angeles","24":"Louisville","25":"Memphis","26":"Miami","27":"Milwaukee","28":"Minneapolis","29":"Nashville","30":"New Orleans","31":"New York","32":"Oakland","33":"Oklahoma City","34":"Omaha","35":"Philadelphia","36":"Phoenix","37":"Pittsburgh","38":"Richmond","39":"San Antonio","40":"Sacramento","41":"Savannah","42":"San Bernardino","43":"San Diego","44":"San Francisco","45":"St. Louis","46":"Stockton","47":"Tampa","48":"Tulsa","49":"Washington"},"Total Murders":{"0":409,"1":1054,"2":3062,"3":459,"4":866,"5":665,"6":564,"7":744,"8":5996,"9":751,"10":1174,"11":1697,"12":338,"13":2728,"14":299,"15":594,"16":527,"17":3187,"18":1432,"19":1265,"20":1289,"21":1496,"22":409,"23":2445,"24":624,"25":1640,"26":806,"27":1207,"28":396,"29":830,"30":1553,"31":679,"32":1025,"33":728,"34":443,"35":3290,"36":990,"37":683,"38":464,"39":902,"40":407,"41":266,"42":297,"43":499,"44":718,"45":1816,"46":481,"47":225,"48":632,"49":1457},"Unsolved Murders":{"0":158,"1":404,"2":1976,"3":212,"4":376,"5":335,"6":346,"7":223,"8":4413,"9":335,"10":624,"11":817,"12":182,"13":1604,"14":109,"15":275,"16":184,"17":1617,"18":643,"19":647,"20":527,"21":620,"22":168,"23":1198,"24":282,"25":524,"26":489,"27":436,"28":202,"29":301,"30":1007,"31":264,"32":550,"33":351,"34":182,"35":1474,"36":546,"37":365,"38":122,"39":388,"40":151,"41":124,"42":183,"43":190,"44":364,"45":980,"46":288,"47":103,"48":208,"49":638},"Unsolved Murder %":{"0":0.3863080685,"1":0.3833017078,"2":0.6453298498,"3":0.4618736383,"4":0.4341801386,"5":0.5037593985,"6":0.6134751773,"7":0.2997311828,"8":0.7359906604,"9":0.4460719041,"10":0.531516184,"11":0.4814378315,"12":0.5384615385,"13":0.5879765396,"14":0.364548495,"15":0.462962963,"16":0.3491461101,"17":0.5073737057,"18":0.4490223464,"19":0.5114624506,"20":0.4088440652,"21":0.4144385027,"22":0.4107579462,"23":0.4899795501,"24":0.4519230769,"25":0.3195121951,"26":0.6066997519,"27":0.3612261806,"28":0.5101010101,"29":0.3626506024,"30":0.6484224082,"31":0.3888070692,"32":0.5365853659,"33":0.4821428571,"34":0.4108352144,"35":0.4480243161,"36":0.5515151515,"37":0.5344070278,"38":0.2629310345,"39":0.4301552106,"40":0.371007371,"41":0.4661654135,"42":0.6161616162,"43":0.380761523,"44":0.5069637883,"45":0.5396475771,"46":0.5987525988,"47":0.4577777778,"48":0.3291139241,"49":0.4378860673},"% Total Asian":{"0":0.0146699267,"1":0.0037950664,"2":0.0035924233,"3":0.0021786492,"4":0.0,"5":0.0090225564,"6":0.0035460993,"7":0.0053763441,"8":0.004503002,"9":0.0013315579,"10":0.0008517888,"11":0.0,"12":0.0147928994,"13":0.0032991202,"14":0.0,"15":0.0101010101,"16":0.055028463,"17":0.0307499216,"18":0.0027932961,"19":0.0102766798,"20":0.0,"21":0.0394385027,"22":0.1222493888,"23":0.0126789366,"24":0.0064102564,"25":0.0036585366,"26":0.0,"27":0.0091135046,"28":0.0075757576,"29":0.0168674699,"30":0.00515132,"31":0.0486008837,"32":0.0175609756,"33":0.0068681319,"34":0.0045146727,"35":0.0158054711,"36":0.0,"37":0.0043923865,"38":0.0086206897,"39":0.0,"40":0.1277641278,"41":0.0,"42":0.0202020202,"43":0.0841683367,"44":0.0543175487,"45":0.0033039648,"46":0.0706860707,"47":0.0,"48":0.0047468354,"49":0.010295127},"% Unsolved Asian":{"0":1.0,"1":0.25,"2":0.3636363636,"3":null,"4":null,"5":0.1666666667,"6":0.5,"7":0.75,"8":0.6666666667,"9":1.0,"10":null,"11":null,"12":0.2,"13":0.6666666667,"14":null,"15":0.3333333333,"16":0.3448275862,"17":0.387755102,"18":0.5,"19":0.3846153846,"20":null,"21":0.3898305085,"22":0.46,"23":0.3548387097,"24":0.25,"25":0.3333333333,"26":null,"27":null,"28":0.6666666667,"29":0.2142857143,"30":0.375,"31":0.303030303,"32":0.2777777778,"33":0.6,"34":0.5,"35":0.3269230769,"36":null,"37":0.3333333333,"38":0.25,"39":null,"40":0.4615384615,"41":null,"42":0.6666666667,"43":0.4523809524,"44":0.3333333333,"45":0.3333333333,"46":0.6764705882,"47":null,"48":0.3333333333,"49":0.4666666667},"% Total Black":{"0":0.0880195599,"1":0.9079696395,"2":0.918354017,"3":0.8845315904,"4":0.8822170901,"5":0.7082706767,"6":0.8138297872,"7":0.7069892473,"8":0.768012008,"9":0.8495339547,"10":0.7086882453,"11":0.0,"12":0.3609467456,"13":0.8925953079,"14":0.7391304348,"15":0.4528619529,"16":0.2998102467,"17":0.5120803263,"18":0.687849162,"19":0.6806324111,"20":0.0,"21":0.3268716578,"22":0.3740831296,"23":0.3922290389,"24":0.6634615385,"25":0.8493902439,"26":0.4081885856,"27":0.7945318973,"28":0.6767676768,"29":0.6361445783,"30":0.8821635544,"31":0.559646539,"32":0.7258536585,"33":0.4574175824,"34":0.60496614,"35":0.7765957447,"36":0.0,"37":0.8653001464,"38":0.8771551724,"39":0.2184035477,"40":0.4201474201,"41":0.7631578947,"42":0.4410774411,"43":0.3206412826,"44":0.5208913649,"45":0.893722467,"46":0.3264033264,"47":0.6577777778,"48":0.4873417722,"49":0.90459849},"% Unsolved Black":{"0":0.4166666667,"1":0.3824451411,"2":0.6625177809,"3":0.4778325123,"4":0.4280104712,"5":0.5838641189,"6":0.6535947712,"7":0.2870722433,"8":0.7467969598,"9":0.4764890282,"10":0.5504807692,"11":null,"12":0.5983606557,"13":0.5975359343,"14":0.3484162896,"15":0.43866171,"16":0.3860759494,"17":0.4895833333,"18":0.4883248731,"19":0.5447154472,"20":null,"21":0.3987730061,"22":0.3660130719,"23":0.5203336809,"24":0.5169082126,"25":0.3137114142,"26":0.6930091185,"27":0.3837330553,"28":0.5298507463,"29":0.375,"30":0.6583941606,"31":0.4526315789,"32":0.5873655914,"33":0.4924924925,"34":0.5820895522,"35":0.4598825832,"36":null,"37":0.5769881557,"38":0.257985258,"39":0.4263959391,"40":0.4035087719,"41":0.5024630542,"42":0.641221374,"43":0.43125,"44":0.5828877005,"45":0.5526802218,"46":0.5796178344,"47":0.4324324324,"48":0.3733766234,"49":0.4430955994},"% Total Hispanic":{"0":0.1784841076,"1":0.0199240987,"2":0.0199216199,"3":0.0239651416,"4":0.025404157,"5":0.1834586466,"6":0.0691489362,"7":0.122311828,"8":0.1786190794,"9":0.0066577896,"10":0.0340715503,"11":0.0,"12":0.298816568,"13":0.0179618768,"14":0.1605351171,"15":0.2760942761,"16":0.4971537002,"17":0.3235017258,"18":0.0565642458,"19":0.0,"20":0.0,"21":0.2473262032,"22":0.3545232274,"23":0.481799591,"24":0.0320512821,"25":0.0518292683,"26":0.0434243176,"27":0.0927920464,"28":0.0227272727,"29":0.0,"30":0.0315518352,"31":0.2886597938,"32":0.1551219512,"33":0.0137362637,"34":0.0812641084,"35":0.1227963526,"36":0.0,"37":0.0043923865,"38":0.0323275862,"39":0.5055432373,"40":0.2162162162,"41":0.0187969925,"42":0.3872053872,"43":0.3006012024,"44":0.1935933148,"45":0.0126651982,"46":0.4615384615,"47":0.0977777778,"48":0.0712025316,"49":0.0480439259},"% Unsolved Hispanic":{"0":0.3698630137,"1":0.5714285714,"2":0.5245901639,"3":0.4545454545,"4":0.5454545455,"5":0.4180327869,"6":0.4871794872,"7":0.3956043956,"8":0.731092437,"9":0.6,"10":0.6,"11":null,"12":0.5940594059,"13":0.5714285714,"14":0.4583333333,"15":0.506097561,"16":0.3664122137,"17":0.5548011639,"18":0.4938271605,"19":null,"20":null,"21":0.4162162162,"22":0.4896551724,"23":0.4991511036,"24":0.65,"25":0.4352941176,"26":0.6857142857,"27":0.2857142857,"28":0.5555555556,"29":null,"30":0.5714285714,"31":0.3265306122,"32":0.5094339623,"33":0.1,"34":0.1944444444,"35":0.4702970297,"36":null,"37":null,"38":0.6,"39":0.4429824561,"40":0.3068181818,"41":0.2,"42":0.6086956522,"43":0.4133333333,"44":0.5467625899,"45":0.5217391304,"46":0.6441441441,"47":0.5909090909,"48":0.4222222222,"49":0.4285714286},"% Total White":{"0":0.3814180929,"1":0.0626185958,"2":0.0555192685,"3":0.0806100218,"4":0.0808314088,"5":0.0917293233,"6":0.1046099291,"7":0.1424731183,"8":0.046197465,"9":0.1291611185,"10":0.237649063,"11":0.0,"12":0.3017751479,"13":0.0828445748,"14":0.0936454849,"15":0.2441077441,"16":0.1309297913,"17":0.1289614057,"18":0.2472067039,"19":0.2932806324,"20":0.0,