{"City":{"0":"Albuquerque","1":"Atlanta","2":"Baltimore","3":"Baton Rouge","4":"Birmingham","5":"Boston","6":"Buffalo","7":"Charlotte","8":"Chicago","9":"Cincinnati","10":"Columbus","11":"Dallas","12":"Denver","13":"Detroit","14":"Durham","15":"Fort Worth","16":"Fresno","17":"Houston","18":"Indianapolis","19":"Jacksonville","20":"Kansas City","21":"Las Vegas","22":"Long Beach","23":"Los Angeles","24":"Louisville","25":"Memphis","26":"Miami","27":"Milwaukee","28":"Minneapolis","29":"Nashville","30":"New Orleans","31":"New York","32":"Oakland","33":"Oklahoma City","34":"Omaha","35":"Philadelphia","36":"Phoenix","37":"Pittsburgh","38":"Richmond","39":"San Antonio","40":"Sacramento","41":"Savannah","42":"San Bernardino","43":"San Diego","44":"San Francisco","45":"St. Louis","46":"Stockton","47":"Tampa","48":"Tulsa","49":"Washington"},"Total Murders":{"0":378,"1":973,"2":2827,"3":424,"4":800,"5":614,"6":521,"7":687,"8":5535,"9":694,"10":1084,"11":1567,"12":312,"13":2519,"14":276,"15":549,"16":487,"17":2942,"18":1322,"19":1168,"20":1190,"21":1381,"22":378,"23":2257,"24":576,"25":1514,"26":744,"27":1115,"28":366,"29":767,"30":1434,"31":627,"32":947,"33":672,"34":409,"35":3037,"36":914,"37":631,"38":429,"39":833,"40":376,"41":246,"42":275,"43":461,"44":663,"45":1677,"46":444,"47":208,"48":584,"49":1345},"Unsolved Murders":{"0":146,"1":373,"2":1825,"3":196,"4":347,"5":310,"6":319,"7":206,"8":4073,"9":309,"10":575,"11":754,"12":169,"13":1482,"14":101,"15":255,"16":169,"17":1493,"18":594,"19":597,"20":486,"21":572,"22":156,"23":1106,"24":261,"25":483,"26":450,"27":403,"28":187,"29":278,"30":930,"31":243,"32":508,"33":326,"34":169,"35":1360,"36":504,"37":337,"38":113,"39":357,"40":139,"41":115,"42":170,"43":175,"44":336,"45":905,"46":266,"47":95,"48":193,"49":589},"Unsolved Murder %":{"0":0.3862433862,"1":0.3833504625,"2":0.645560665,"3":0.4622641509,"4":0.43375,"5":0.5048859935,"6":0.6122840691,"7":0.2998544396,"8":0.735862692,"9":0.4452449568,"10":0.5304428044,"11":0.4811742183,"12":0.5416666667,"13":0.5883287019,"14":0.365942029,"15":0.4644808743,"16":0.3470225873,"17":0.5074779062,"18":0.4493192133,"19":0.511130137,"20":0.4084033613,"21":0.414192614,"22":0.4126984127,"23":0.4900310146,"24":0.453125,"25":0.3190224571,"26":0.6048387097,"27":0.3614349776,"28":0.5109289617,"29":0.3624511082,"30":0.6485355649,"31":0.3875598086,"32":0.5364308342,"33":0.4851190476,"34":0.413202934,"35":0.4478103392,"36":0.5514223195,"37":0.5340729002,"38":0.2634032634,"39":0.4285714286,"40":0.3696808511,"41":0.4674796748,"42":0.6181818182,"43":0.3796095445,"44":0.5067873303,"45":0.5396541443,"46":0.5990990991,"47":0.4567307692,"48":0.3304794521,"49":0.4379182156},"% Total Asian":{"0":0.0158730159,"1":0.0041109969,"2":0.0038910506,"3":0.0023584906,"4":0.0,"5":0.009771987,"6":0.0038387716,"7":0.0058224163,"8":0.0045167118,"9":0.0014409222,"10":0.0009225092,"11":0.0,"12":0.016025641,"13":0.0035728464,"14":0.0,"15":0.0109289617,"16":0.0554414784,"17":0.0309313392,"18":0.0030257186,"19":0.0102739726,"20":0.0,"21":0.0398262129,"22":0.1243386243,"23":0.0128489145,"24":0.0069444444,"25":0.0039630119,"26":0.0,"27":0.0098654709,"28":0.0081967213,"29":0.0169491525,"30":0.0055788006,"31":0.0494417863,"32":0.0179514256,"33":0.0074404762,"34":0.0048899756,"35":0.0158050708,"36":0.0,"37":0.0047543582,"38":0.0093240093,"39":0.0,"40":0.1276595745,"41":0.0,"42":0.0218181818,"43":0.0845986985,"44":0.0542986425,"45":0.0035778175,"46":0.0720720721,"47":0.0,"48":0.0051369863,"49":0.0104089219},"% Unsolved Asian":{"0":1.0,"1":0.25,"2":0.3636363636,"3":null,"4":null,"5":0.1666666667,"6":0.5,"7":0.75,"8":0.64,"9":1.0,"10":null,"11":null,"12":0.2,"13":0.6666666667,"14":null,"15":0.3333333333,"16":0.3333333333,"17":0.3846153846,"18":0.5,"19":0.3333333333,"20":null,"21":0.3818181818,"22":0.4680851064,"23":0.3448275862,"24":0.25,"25":0.3333333333,"26":null,"27":null,"28":0.6666666667,"29":0.1538461538,"30":0.375,"31":0.2903225806,"32":0.2941176471,"33":0.6,"34":0.5,"35":0.3125,"36":null,"37":0.3333333333,"38":0.25,"39":null,"40":0.4583333333,"41":null,"42":0.6666666667,"43":0.4358974359,"44":0.3333333333,"45":0.3333333333,"46":0.65625,"47":null,"48":0.3333333333,"49":0.4285714286},"% Total Black":{"0":0.0899470899,"1":0.9085303186,"2":0.9182879377,"3":0.8844339623,"4":0.8825,"5":0.7084690554,"6":0.8138195777,"7":0.7074235808,"8":0.7680216802,"9":0.84870317,"10":0.7084870849,"11":0.0,"12":0.3621794872,"13":0.892417626,"14":0.7391304348,"15":0.4535519126,"16":0.2997946612,"17":0.5122365738,"18":0.6883509834,"19":0.6806506849,"20":0.0,"21":0.3272990587,"22":0.3756613757,"23":0.3925564909,"24":0.6649305556,"25":0.8494055482,"26":0.4086021505,"27":0.7946188341,"28":0.6775956284,"29":0.6362451108,"30":0.8821478382,"31":0.5598086124,"32":0.7254487856,"33":0.4583333333,"34":0.6063569682,"35":0.776753375,"36":0.0,"37":0.8652931854,"38":0.8764568765,"39":0.218487395,"40":0.420212766,"41":0.7642276423,"42":0.44,"43":0.3210412148,"44":0.5218702866,"45":0.8938580799,"46":0.3265765766,"47":0.6586538462,"48":0.4880136986,"49":0.9048327138},"% Unsolved Black":{"0":0.4117647059,"1":0.3823529412,"2":0.6625577812,"3":0.4773333333,"4":0.4277620397,"5":0.583908046,"6":0.6533018868,"7":0.2860082305,"8":0.7466478476,"9":0.4753820034,"10":0.5494791667,"11":null,"12":0.592920354,"13":0.5974199288,"14":0.3480392157,"15":0.437751004,"16":0.3835616438,"17":0.4897146649,"18":0.4879120879,"19":0.5446540881,"20":null,"21":0.3982300885,"22":0.3661971831,"23":0.5203160271,"24":0.5169712794,"25":0.3133748056,"26":0.6907894737,"27":0.3837471783,"28":0.5282258065,"29":0.375,"30":0.6584980237,"31":0.452991453,"32":0.5866084425,"33":0.4935064935,"34":0.5806451613,"35":0.4599406528,"36":null,"37":0.5769230769,"38":0.2579787234,"39":0.4230769231,"40":0.3987341772,"41":0.5,"42":0.6363636364,"43":0.4324324324,"44":0.5838150289,"45":0.5523682455,"46":0.5793103448,"47":0.4306569343,"48":0.3719298246,"49":0.4428923583},"% Total Hispanic":{"0":0.1798941799,"1":0.0205549846,"2":0.0201627167,"3":0.0259433962,"4":0.02625,"5":0.1840390879,"6":0.0690978887,"7":0.1222707424,"8":0.1786811201,"9":0.007204611,"10":0.0341328413,"11":0.0,"12":0.3012820513,"13":0.0182612148,"14":0.1630434783,"15":0.276867031,"16":0.4969199179,"17":0.323589395,"18":0.0567322239,"19":0.0,"20":0.0,"21":0.2476466329,"22":0.3544973545,"23":0.4820558263,"24":0.0329861111,"25":0.0521796565,"26":0.0443548387,"27":0.0932735426,"28":0.0245901639,"29":0.0,"30":0.0320781032,"31":0.288676236,"32":0.1552270327,"33":0.0148809524,"34":0.0831295844,"35":0.122818571,"36":0.0,"37":0.0047543582,"38":0.0326340326,"39":0.5054021609,"40":0.2180851064,"41":0.0203252033,"42":0.3890909091,"43":0.3015184382,"44":0.1945701357,"45":0.0131186643,"46":0.4617117117,"47":0.1009615385,"48":0.0719178082,"49":0.0483271375},"% Unsolved Hispanic":{"0":0.3676470588,"1":0.55,"2":0.5263157895,"3":0.4545454545,"4":0.5238095238,"5":0.4159292035,"6":0.4722222222,"7":0.3928571429,"8":0.731041456,"9":0.6,"10":0.5945945946,"11":null,"12":0.5957446809,"13":0.5652173913,"14":0.4666666667,"15":0.5065789474,"16":0.3636363636,"17":0.5546218487,"18":0.4933333333,"19":null,"20":null,"21":0.4152046784,"22":0.4850746269,"23":0.4990808824,"24":0.6315789474,"25":0.4303797468,"26":0.6666666667,"27":0.2884615385,"28":0.5555555556,"29":null,"30":0.5652173913,"31":0.3259668508,"32":0.5102040816,"33":0.1,"34":0.2058823529,"35":0.4691689008,"36":null,"37":null,"38":0.5714285714,"39":0.4418052257,"40":0.3048780488,"41":0.2,"42":0.6074766355,"43":0.4100719424,"44":0.5426356589,"45":0.5,"46":0.643902439,"47":0.5714285714,"48":0.4285714286,"49":0.4307692308},"% Total White":{"0":0.1798941799,"1":0.0205549846,"2":0.0201627167,"3":0.0259433962,"4":0.02625,"5":0.1840390879,"6":0.0690978887,"7":0.1222707424,"8":0.1786811201,"9":0.007204611,"10":0.0341328413,"11":0.0,"12":0.3012820513,"13":0.0182612148,"14":0.1630434783,"15":0.276867031,"16":0.4969199179,"17":0.323589395,"18":0.0567322239,"19":0.0,"20":0.0,"21":0.2476466329,"22":0.3544973545,